# Modo, N, min, max, avg, std
0, 10, 0.999732, 0.1302432, 0.437446679241908, 0.3144539741580212
0, 500, 2.980898152, 0.1000113, 1.042614694735484, 0.940989385289
1, 500, 2.8298132, 0.10000029, 1.95887623496, 0.157721239
2, 500, 1.8298132, 0.10000036, 1.394944606673, 0.023583598

incompleto porque es 28 Dec 20:18 pero debería funcionar para el resto.